<?xml version="1.0" encoding="UTF-8"?>
<dbsolution>
	<action>
		<command>create</command>
		<table>eop_app</table>
		<field><name>id</name><type>int</type><size>11</size><option>11</option></field>
		<field><name>appid</name><type>varchar</type><size>50</size><option>00</option></field>
		<field><name>app_name</name><type>varchar</type><size>50</size><option>00</option></field>
		<field><name>author</name><type>varchar</type><size>50</size><option>00</option></field>
		<field><name>descript</name><type>memo</type><size>21845</size><option>00</option></field>
		<field><name>deployment</name><type>int</type><size>11</size><option>00</option><default>1</default></field>
		<field><name>path</name><type>varchar</type><size>255</size><option>00</option></field>
		<field><name>authorizationcode</name><type>varchar</type><size>50</size><option>00</option></field>
		<field><name>installuri</name><type>varchar</type><size>255</size><option>00</option></field>
		<field><name>deleteflag</name><type>int</type><size>6</size><option>00</option><default>0</default></field>
		<field><name>version</name><type>varchar</type><size>255</size><option>00</option></field>
	</action>
	<action>
		<command>create</command>
		<table>es_adv</table>
		<field><name>aid</name><type>long</type><size>20</size><option>11</option></field>
		<field><name>acid</name><type>long</type><size>20</size><option>00</option></field>
		<field><name>atype</name><type>int</type><size>11</size><option>00</option></field>
		<field><name>begintime</name><type>long</type><size>8</size><option>00</option></field>
		<field><name>endtime</name><type>long</type><size>8</size><option>00</option></field>
		<field><name>isclose</name><type>int</type><size>11</size><option>00</option></field>
		<field><name>attachment</name><type>varchar</type><size>50</size><option>00</option></field>
		<field><name>atturl</name><type>varchar</type><size>255</size><option>00</option></field>
		<field><name>url</name><type>varchar</type><size>255</size><option>00</option></field>
		<field><name>aname</name><type>varchar</type><size>255</size><option>00</option></field>
		<field><name>clickcount</name><type>int</type><size>11</size><option>00</option><default>0</default></field>
		<field><name>linkman</name><type>varchar</type><size>50</size><option>00</option></field>
		<field><name>company</name><type>varchar</type><size>255</size><option>00</option></field>
		<field><name>contact</name><type>varchar</type><size>255</size><option>00</option></field>
		<field><name>disabled</name><type>varchar</type><size>5</size><option>00</option><default>'false'</default></field>
	</action>
	<action>
		<command>create</command>
		<table>es_adcolumn</table>
		<field><name>acid</name><type>int</type><size>11</size><option>11</option></field>
		<field><name>cname</name><type>varchar</type><size>255</size><option>00</option></field>
		<field><name>width</name><type>varchar</type><size>50</size><option>00</option></field>
		<field><name>height</name><type>varchar</type><size>50</size><option>00</option></field>
		<field><name>description</name><type>varchar</type><size>255</size><option>00</option></field>
		<field><name>anumber</name><type>long</type><size>20</size><option>00</option></field>
		<field><name>atype</name><type>int</type><size>11</size><option>00</option></field>
		<field><name>arule</name><type>long</type><size>20</size><option>00</option></field>
		<field><name>disabled</name><type>varchar</type><size>5</size><option>00</option><default>'false'</default></field>
	</action>
	<action>
		<command>create</command>
		<table>es_admintheme</table>
		<field><name>id</name><type>int</type><size>11</size><option>11</option></field>
		<field><name>appid</name><type>varchar</type><size>50</size><option>00</option></field>
		<field><name>siteid</name><type>int</type><size>11</size><option>00</option></field>
		<field><name>themename</name><type>varchar</type><size>50</size><option>00</option></field>
		<field><name>path</name><type>varchar</type><size>255</size><option>00</option></field>
		<field><name>userid</name><type>int</type><size>11</size><option>00</option></field>
		<field><name>author</name><type>varchar</type><size>50</size><option>00</option></field>
		<field><name>version</name><type>varchar</type><size>50</size><option>00</option></field>
		<field><name>framemode</name><type>int</type><size>6</size><option>00</option><default>0</default></field>
		<field><name>deleteflag</name><type>int</type><size>6</size><option>00</option><default>0</default></field>
		<field><name>thumb</name><type>varchar</type><size>50</size><option>00</option></field>
	</action>
	<action>
		<command>create</command>
		<table>es_friends_link</table>
		<field><name>link_id</name><type>int</type><size>8</size><option>11</option></field>
		<field><name>name</name><type>varchar</type><size>100</size><option>00</option></field>
		<field><name>url</name><type>varchar</type><size>100</size><option>00</option></field>
		<field><name>logo</name><type>varchar</type><size>255</size><option>00</option></field>
		<field><name>sort</name><type>int</type><size>8</size><option>00</option></field>
	</action>
	<action>
		<command>create</command>
		<table>es_settings</table>
		<field><name>id</name><type>int</type><size>8</size><option>11</option></field>
		<field><name>code</name><type>varchar</type><size>50</size><option>00</option></field>
		<field><name>cfg_value</name><type>varchar</type><size>1000</size><option>00</option></field>
		<field><name>cfg_group</name><type>varchar</type><size>50</size><option>00</option></field>
	</action>
	<action>
		<command>create</command>
		<table>es_site_menu</table>
		<field><name>menuid</name><type>int</type><size>8</size><option>11</option></field>
		<field><name>parentid</name><type>int</type><size>8</size><option>00</option></field>
		<field><name>name</name><type>varchar</type><size>50</size><option>00</option></field>
		<field><name>url</name><type>varchar</type><size>255</size><option>00</option></field>
		<field><name>target</name><type>varchar</type><size>255</size><option>00</option></field>
		<field><name>sort</name><type>int</type><size>11</size><option>00</option></field>
	</action>
	<action>
		<command>create</command>
		<table>es_guestbook</table>
		<field><name>id</name><type>int</type><size>8</size><option>11</option></field>
		<field><name>title</name><type>varchar</type><size>255</size><option>00</option></field>
		<field><name>content</name><type>memo</type><size>21845</size><option>00</option></field>
		<field><name>parentid</name><type>int</type><size>8</size><option>00</option></field>
		<field><name>dateline</name><type>long</type><size>20</size><option>00</option></field>
		<field><name>issubject</name><type>int</type><size>8</size><option>00</option></field>
		<field><name>username</name><type>varchar</type><size>255</size><option>00</option></field>
		<field><name>email</name><type>varchar</type><size>255</size><option>00</option></field>
		<field><name>qq</name><type>varchar</type><size>255</size><option>00</option></field>
		<field><name>tel</name><type>varchar</type><size>255</size><option>00</option></field>
		<field><name>sex</name><type>int</type><size>8</size><option>00</option></field>
		<field><name>ip</name><type>varchar</type><size>255</size><option>00</option></field>
		<field><name>area</name><type>varchar</type><size>255</size><option>00</option></field>
	</action>
	<action>
		<command>create</command>
		<table>es_access</table>
		<field><name>id</name><type>int</type><size>9</size><option>11</option></field>
		<field><name>ip</name><type>varchar</type><size>255</size><option>00</option></field>
		<field><name>url</name><type>varchar</type><size>1000</size><option>00</option></field>
		<field><name>page</name><type>varchar</type><size>255</size><option>00</option></field>
		<field><name>area</name><type>varchar</type><size>255</size><option>00</option></field>
		<field><name>access_time</name><type>int</type><size>11</size><option>00</option></field>
		<field><name>stay_time</name><type>int</type><size>11</size><option>00</option></field>
		<field><name>point</name><type>int</type><size>11</size><option>00</option><default>0</default></field>
		<field><name>membername</name><type>varchar</type><size>255</size><option>00</option><default>'0'</default></field>
	</action>
	<action>
		<command>create</command>
		<table>es_menu</table>
		<field><name>id</name><type>int</type><size>11</size><option>11</option></field>
		<field><name>appid</name><type>varchar</type><size>50</size><option>00</option></field>
		<field><name>pid</name><type>int</type><size>11</size><option>00</option></field>
		<field><name>title</name><type>varchar</type><size>50</size><option>00</option></field>
		<field><name>url</name><type>varchar</type><size>255</size><option>00</option></field>
		<field><name>target</name><type>varchar</type><size>255</size><option>00</option></field>
		<field><name>sorder</name><type>int</type><size>11</size><option>00</option><default>50</default></field>
		<field><name>menutype</name><type>int</type><size>11</size><option>00</option></field>
		<field><name>datatype</name><type>varchar</type><size>50</size><option>00</option></field>
		<field><name>selected</name><type>int</type><size>6</size><option>00</option><default>0</default></field>
		<field><name>deleteflag</name><type>int</type><size>6</size><option>00</option><default>0</default></field>
		<field><name>canexp</name><type>int</type><size>6</size><option>00</option><default>0</default></field>
		<field><name>icon</name><type>varchar</type><size>255</size><option>00</option></field>
		<field><name>icon_hover</name><type>varchar</type><size>255</size><option>00</option></field>
	</action>
	<action>
		<command>create</command>
		<table>es_role</table>
		<field><name>roleid</name><type>int</type><size>11</size><option>11</option></field>
		<field><name>rolename</name><type>varchar</type><size>255</size><option>00</option></field>
		<field><name>rolememo</name><type>varchar</type><size>255</size><option>00</option></field>
	</action>
	<action>
		<command>create</command>
		<table>es_adminuser</table>
		<field><name>userid</name><type>int</type><size>11</size><option>11</option></field>
		<field><name>username</name><type>varchar</type><size>255</size><option>00</option></field>
		<field><name>password</name><type>varchar</type><size>255</size><option>00</option></field>
		<field><name>state</name><type>int</type><size>6</size><option>00</option></field>
		<field><name>realname</name><type>varchar</type><size>255</size><option>00</option></field>
		<field><name>userno</name><type>varchar</type><size>255</size><option>00</option></field>
		<field><name>userdept</name><type>varchar</type><size>255</size><option>00</option></field>
		<field><name>remark</name><type>varchar</type><size>255</size><option>00</option></field>
		<field><name>dateline</name><type>int</type><size>11</size><option>00</option></field>
		<field><name>founder</name><type>int</type><size>8</size><option>00</option></field>
		<field><name>siteid</name><type>int</type><size>11</size><option>00</option></field>
	</action>	
	<action>
		<command>create</command>
		<table>es_role_auth</table>
		<field><name>id</name><type>int</type><size>11</size><option>11</option></field>
		<field><name>roleid</name><type>int</type><size>11</size><option>00</option></field>
		<field><name>authid</name><type>int</type><size>11</size><option>00</option></field>
	</action>
	<action>
		<command>create</command>
		<table>es_site</table>
		<field><name>siteid</name><type>int</type><size>11</size><option>11</option></field>
		<field><name>parentid</name><type>int</type><size>11</size><option>00</option></field>
		<field><name>code</name><type>int</type><size>11</size><option>00</option></field>
		<field><name>name</name><type>varchar</type><size>255</size><option>00</option></field>
		<field><name>domain</name><type>varchar</type><size>255</size><option>00</option></field>
		<field><name>themeid</name><type>int</type><size>11</size><option>00</option></field>
		<field><name>sitelevel</name><type>int</type><size>11</size><option>00</option></field>
	</action>
	<action>
		<command>create</command>
		<table>es_user_role</table>
		<field><name>id</name><type>int</type><size>11</size><option>11</option></field>
		<field><name>userid</name><type>int</type><size>11</size><option>00</option></field>
		<field><name>roleid</name><type>int</type><size>11</size><option>00</option></field>
	</action>
	<action>
		<command>create</command>
		<table>es_auth_action</table>
		<field><name>actid</name><type>int</type><size>11</size><option>11</option></field>
		<field><name>name</name><type>varchar</type><size>255</size><option>00</option></field>
		<field><name>type</name><type>varchar</type><size>255</size><option>00</option></field>
		<field><name>objvalue</name><type>memo</type><size>21845</size><option>00</option></field>
		<field><name>choose</name><type>int</type><size>11</size><option>00</option></field>
	</action>
	<action>
		<command>create</command>
		<table>es_theme</table>
		<field><name>id</name><type>int</type><size>11</size><option>11</option></field>
		<field><name>appid</name><type>varchar</type><size>50</size><option>00</option></field>
		<field><name>themename</name><type>varchar</type><size>50</size><option>00</option></field>
		<field><name>path</name><type>varchar</type><size>255</size><option>00</option></field>
		<field><name>author</name><type>varchar</type><size>50</size><option>00</option></field>
		<field><name>version</name><type>varchar</type><size>50</size><option>00</option></field>
		<field><name>deleteflag</name><type>int</type><size>6</size><option>00</option><default>0</default></field>
		<field><name>thumb</name><type>varchar</type><size>50</size><option>00</option></field>
		<field><name>siteid</name><type>int</type><size>11</size><option>00</option></field>
	</action>
	<action>
		<command>create</command>
		<table>es_themeuri</table>
		<field><name>id</name><type>int</type><size>11</size><option>11</option></field>
		<field><name>themeid</name><type>int</type><size>11</size><option>00</option></field>
		<field><name>uri</name><type>varchar</type><size>255</size><option>00</option></field>
		<field><name>path</name><type>varchar</type><size>255</size><option>00</option></field>
		<field><name>deleteflag</name><type>int</type><size>6</size><option>00</option><default>0</default></field>
		<field><name>pagename</name><type>varchar</type><size>255</size><option>00</option></field>
		<field><name>point</name><type>int</type><size>11</size><option>00</option></field>
		<field><name>sitemaptype</name><type>int</type><size>11</size><option>00</option><default>0</default></field>
		<field><name>keywords</name><type>varchar</type><size>255</size><option>00</option></field>
		<field><name>description</name><type>memo</type><size>21845</size><option>00</option></field>
		<field><name>httpcache</name><type>int</type><size>8</size><option>00</option><default>0</default></field>
	</action>
	<action>
		<command>create</command>
		<table>es_index_item</table>
		<field><name>id</name><type>int</type><size>11</size><option>11</option></field>
		<field><name>title</name><type>varchar</type><size>255</size><option>00</option></field>
		<field><name>url</name><type>varchar</type><size>255</size><option>00</option></field>
		<field><name>sort</name><type>int</type><size>11</size><option>00</option></field>
	</action>	
	<action>
		<command>create</command>
		<table>es_smtp</table>
		<field><name>id</name><type>int</type><size>11</size><option>11</option></field>
		<field><name>host</name><type>varchar</type><size>50</size><option>00</option></field>
		<field><name>username</name><type>varchar</type><size>255</size><option>00</option></field>
		<field><name>password</name><type>varchar</type><size>255</size><option>00</option></field>
		<field><name>last_send_time</name><type>long</type><size>10</size><option>00</option></field>
		<field><name>send_count</name><type>int</type><size>11</size><option>00</option><default>0</default></field>
		<field><name>max_count</name><type>int</type><size>11</size><option>00</option></field>
		<field><name>mail_from</name><type>varchar</type><size>255</size><option>00</option></field>
	</action>
	<action>
		<command>create</command>
		<table>es_regions</table>
		<field><name>region_id</name><type>int</type><size>10</size><option>11</option></field>
		<field><name>p_region_id</name><type>int</type><size>10</size><option>00</option></field>
		<field><name>region_path</name><type>varchar</type><size>255</size><option>00</option></field>
		<field><name>region_grade</name><type>int</type><size>8</size><option>00</option></field>
		<field><name>local_name</name><type>varchar</type><size>100</size><option>01</option></field>
		<field><name>zipcode</name><type>varchar</type><size>20</size><option>00</option></field>
		<field><name>cod</name><type>varchar</type><size>4</size><option>00</option></field>
	</action>
	<action>
		<command>create</command>
		<table>es_component</table>
		<field><name>id</name><type>int</type><size>11</size><option>11</option></field>
		<field><name>componentid</name><type>varchar</type><size>255</size><option>00</option></field>
		<field><name>name</name><type>varchar</type><size>255</size><option>00</option></field>
		<field><name>install_state</name><type>int</type><size>8</size><option>00</option><default>0</default></field>
		<field><name>enable_state</name><type>int</type><size>8</size><option>00</option><default>0</default></field>
		<field><name>version</name><type>varchar</type><size>50</size><option>00</option></field>
		<field><name>author</name><type>varchar</type><size>255</size><option>00</option></field>
		<field><name>javashop_version</name><type>varchar</type><size>50</size><option>00</option></field>
		<field><name>description</name><type>memo</type><size>715827882</size><option>00</option></field>
		<field><name>error_message</name><type>memo</type><size>715827882</size><option>00</option></field>
		<field><name>sort_order</name><type>int</type><size>10</size><option>00</option></field>
	</action>
	
	<action>
		<command>create</command>
		<table>es_url_server</table>
		<field><name>id</name><type>int</type><size>11</size><option>11</option></field>
		<field><name>url</name><type>varchar</type><size>255</size><option>00</option></field>
		<field><name>server</name><type>varchar</type><size>255</size><option>00</option></field>
	</action>
</dbsolution>	