<?xml version="1.0" encoding="UTF-8"?>
<beans xmlns="http://www.springframework.org/schema/beans"
    xmlns:xsi="http://www.w3.org/2001/XMLSchema-instance"
    xmlns:context="http://www.springframework.org/schema/context"
    xsi:schemaLocation="http://www.springframework.org/schema/beans
        http://www.springframework.org/schema/beans/spring-beans.xsd
        http://www.springframework.org/schema/context
        http://www.springframework.org/schema/context/spring-context.xsd" default-autowire="byName" default-lazy-init="false">

	<bean id="jobExecuter" class="com.enation.app.base.core.service.impl.JobExecuter" />	
	<!-- 安装 -->
	<bean id="eopInstallManager" class="com.enation.app.base.core.service.EopInstallManager"></bean>
	
 	<!-- Base应用 -->
 	<bean id="base" class="com.enation.app.base.BaseApp"></bean>
 	
 	<!-- 帮助 -->
 	<bean id="helpManager" class="com.enation.app.base.core.service.impl.HelpManager"></bean>

	
	<!-- 权限点管理 -->
	<bean id="authActionManager" class="com.enation.app.base.core.service.auth.impl.AuthActionManager" parent="baseSupport"></bean>
	
 	<!-- 权限 -->
	<bean id="permissionManager" class="com.enation.app.base.core.service.auth.impl.PermissionManager" parent="baseSupport"></bean>

 	<!-- 角色管理 -->
	<bean id="roleManager" class="com.enation.app.base.core.service.auth.impl.RoleManager" parent="baseSupport"></bean>
	
	
	<bean id="guestBookManager" class="com.enation.app.base.core.service.impl.GuestBookManager"  ></bean>
		
	<!-- 广告管理 -->	
	<bean id="advManager" class="com.enation.app.base.core.service.impl.AdvManager" parent="baseSupport"></bean>
	<bean id="adColumnManager" class="com.enation.app.base.core.service.impl.AdColumnManager" parent="baseSupport"></bean>
	
	<!-- 短消息管理 -->	
	<bean id="shortMsgManager" class="com.enation.app.base.core.service.impl.ShortMsgManager" parent="baseSupport"></bean>
		
		
	<!-- 站点菜单 -->	
    <bean id="siteMenuManager" class="com.enation.app.base.core.service.impl.SiteMenuManager" parent="baseSupport"></bean>
	
	<!-- 缓存代理 -->	
	<!--bean id="siteMenuManager" class="com.enation.app.base.core.service.impl.cache.SiteMenuCacheProxy" >
		<constructor-arg><ref bean="siteMenuManagerImpl"/></constructor-arg>
	</bean-->
	
	<bean id="regionsDbManager" class="com.enation.app.base.core.service.impl.RegionsManager" parent="baseSupport"></bean>	
	<bean id="regionsManager" class="com.enation.app.base.core.service.impl.cache.RegionsCacheProxy" parent="baseSupport">
		<constructor-arg><ref bean="regionsDbManager"/></constructor-arg>
	</bean>	

 	
 	
 	<!-- 
 				=============================================
 				解决方案安装(因存在并发问题，故scope=protoype)
 				=============================================
 	-->
 	
 	<!-- 解决方案安装器 -->	
 	<bean id="solutionInstaller" class="com.enation.app.base.core.service.solution.impl.SolutionInstaller"  scope="prototype"></bean>
	
	<bean id="profileLoader" class="com.enation.app.base.core.service.solution.impl.ProfileLoaderImpl" scope="prototype"></bean>
	<bean id="setupLoader" class="com.enation.app.base.core.service.solution.impl.SetupLoaderImpl" scope="prototype"></bean>
	<bean id="adminThemeInfoFileLoader" class="com.enation.app.base.core.service.solution.impl.AdminThemeInfoLoaderImpl"  scope="prototype"></bean>
	<bean id="menuInstaller" class="com.enation.app.base.core.service.solution.impl.MenuInstaller"  scope="prototype"></bean>
	<bean id="appInstaller" class="com.enation.app.base.core.service.solution.impl.AppInstaller" scope="prototype"></bean>
	<bean id="adminThemeInstaller" class="com.enation.app.base.core.service.solution.impl.AdminThemeInstaller" scope="prototype"></bean>
	<bean id="themeInstaller" class="com.enation.app.base.core.service.solution.impl.ThemeInstaller" scope="prototype"></bean>
	<bean id="uriInstaller" class="com.enation.app.base.core.service.solution.impl.UriInstaller" scope="prototype"></bean>
	<bean id="indexItemInstaller" class="com.enation.app.base.core.service.solution.impl.IndexItemInstaller" scope="prototype"></bean>
	<bean id="siteInstaller" class="com.enation.app.base.core.service.solution.impl.SiteInstaller" scope="prototype"></bean>
	<bean id="exampleDataInstaller" class="com.enation.app.base.core.service.solution.impl.ExampleDataInstaller" scope="prototype"></bean>
	<bean id="componentInstaller" class="com.enation.app.base.core.service.solution.impl.ComponentInstaller" scope="prototype"></bean>
	<bean id="authInstaller" class="com.enation.app.base.core.service.solution.impl.AuthInstaller" scope="prototype"></bean>
	
	<bean id="systemSettingInstaller" class="com.enation.app.base.core.service.solution.impl.SystemSettingInstaller" scope="prototype"></bean>
	
	<bean id="installerFactory" class="com.enation.app.base.core.service.solution.InstallerFactory" scope="prototype"></bean>
 	<bean id="installerManager" class="com.enation.app.base.core.service.solution.InstallerManager" scope="prototype"></bean>
 	<bean id="setupCreator" class="com.enation.app.base.core.service.solution.impl.SetupCreator"></bean>
 	<bean id="mysqlSolution" class="com.enation.app.base.core.service.dbsolution.impl.MySQLSolution" scope="prototype"></bean>
 	<bean id="oracleSolution" class="com.enation.app.base.core.service.dbsolution.impl.OracleSolution" scope="prototype"></bean>
	<bean id="sqlserverSolution" class="com.enation.app.base.core.service.dbsolution.impl.SQLServerSolution" scope="prototype"></bean> 	
<!--
	<bean id="mssqlDataBaseCreater" class="com.enation.app.base.core.service.impl.database.MssqlDataBaseCreater"></bean>
	<bean id="oracleDataBaseCreater" class="com.enation.app.base.core.service.impl.database.OracleDataBaseCreater"></bean>	
	<bean id="mysqlDataBaseCreater" class="com.enation.app.base.core.service.impl.database.MysqlDataBaseCreater"></bean>
 -->	
	<bean id="dataSourceCreator" class="com.enation.app.base.core.service.impl.ComboPooledDataSourceCreator"></bean>
	
	

	<!-- 系统设置的缓存 -->
	<bean id="settingCache" class="com.enation.framework.cache.EhCacheImpl"  >
		<constructor-arg><value>settings</value></constructor-arg>
	</bean>

	<!-- 系统设置相关 -->
	<bean id="dbSettingService" class="com.enation.app.base.core.service.impl.SettingService"  parent="baseSupport" />
	<bean id="settingService" class="com.enation.app.base.core.service.impl.SettingCacheProxy" >
		<constructor-arg>
			<ref bean="dbSettingService"/>
		</constructor-arg>
		<property name="cache">
			<ref bean="settingCache"/>
		</property>
	</bean>
		
	<!-- 使用Spring封装的Mail Sender -->
	<bean id="mailSender" class="org.springframework.mail.javamail.JavaMailSenderImpl">
		
		<property name="javaMailProperties">
			<props>
				<prop key="mail.smtp.auth">true</prop>
				<prop key="mail.smtp.timeout">25000</prop>
			</props>
		</property>		
	</bean>		
	
	<!-- smtp管理 -->
	<bean id="smtpManagerImpl" class="com.enation.app.base.core.service.impl.SmtpManager"></bean>
	
	<!-- smtp缓存代理 -->
	<bean id="smtpManager" class="com.enation.app.base.core.service.impl.cache.SmtpCacheProxy">
		<constructor-arg>
			<ref bean="smtpManagerImpl"/>
		</constructor-arg>	
	</bean>
	
	<!-- 错误报告 -->	
	<bean id="exampleDataCleanManager" class="com.enation.app.base.core.service.impl.ExampleDataCleanManager"></bean>
	
	<!-- sms管理 -->
	<bean id="smsManager" class="com.enation.app.base.core.service.impl.SmsManager"></bean>
	
	<!-- sql Server安装使用 xlp  -->
	<bean id="sqlServerManager" class="com.enation.app.base.core.service.impl.SqlServerManager" parent="baseSupport"></bean>
</beans>